Name,Thickness [cm],Area [cm2],Experiment,Start Date,End Date,Min Temperature [K],Avg Temperature [K],Max Temperature [K],Min Current [A/cm2],Avg Current [A/cm2],Max Current [A/cm2],Min Restivity [ùõÄ cm],Avg Restivity [ùõÄ cm],Max Restivity [ùõÄ cm],Min Electric Field [V/cm],Avg Electric Field [V/cm],Max Electric Field [V/cm],Oscillation,Oscillation val
CA12X2_A,0.03005,0.03069,CA12X2_A_current_from_1e-6_to_1e-5A-20220323145646,2022-03-23 14:45:49.526150,2022-03-23 14:56:29.715277,92.47392417614067,94.70775126902568,98.12287253435872,3.258390355164549e-05,0.00017773038300897544,0.00032287686246630534,6765319.115783692,7062781.411236411,7397743.589721464,241.04736362728784,1239.6403731282878,2184.719619301164,False,0
CA12X2_A,0.03005,0.03069,CA12X2_A_current_from_0.1e-6_to_1e-6A-20220323150955,2022-03-23 14:57:14.479303,2022-03-23 15:07:17.933745,90.27672390030224,91.24009728103216,92.209512945961,3.2583903551645487e-06,1.762190702282868e-05,3.198542369049281e-05,8170827.956134022,18405753.96995249,41329771.54656067,130.36386608985026,227.3750163774661,393.3690169717138,False,0
CA12X2_A,0.03005,0.03069,CA12X2_A_current_from_1e-3_to_180e-3A_flipped-20220323111827,2022-03-23 11:14:03.207567,2022-03-23 11:16:54.790877,293.9297019039309,293.96733410557954,294.02521230885293,0.03258390355164549,2.9193861060918733,5.806188308632102,5.2008064543345505,16.835106559346155,52.077413160898494,1.6968854076539102,28.747989004016873,32.34040143094842,False,0
CA12X2_A,0.030050000000000004,0.03069,CA12X2_A_at_fixed_current_0.6e-3A-20220323144033,2022-03-23 11:25:49.839847,2022-03-23 14:37:48.538302,104.30362188000677,166.92534751860026,293.41972691098727,0.019550342130987292,0.019550342130987292,0.019550342130987292,53.797115055324454,66103.54320926916,169240.53481527456,1.0517520049916804,1292.346885811714,3308.7103580698836,False,0
CA12X2_A,0.03005,0.03069,CA12X2_A_at_fixed_current_0.35e-6A-20220323160519,2022-03-23 16:05:10.913424,2022-03-23 16:05:10.913424,89.23323482732198,89.23323482732198,89.23323482732198,1.140436624307592e-05,1.140436624307592e-05,1.140436624307592e-05,18382813.46833563,18382813.46833563,18382813.46833563,209.64433737104824,209.64433737104824,209.64433737104824,False,0
CA12X2_A,0.03005,0.03069,CA12X2_A_current_from_1e-3_to_150e-3A_flipped-20220323111222,2022-03-23 11:09:15.231427,2022-03-23 11:12:08.028132,293.7592522974626,293.79173137938324,293.84548305417314,0.03258390355164549,2.435564507900774,4.838545112249902,6.153513680943728,18.758944317923834,51.488519244858566,1.6776969450915142,28.30595323222239,31.894994509151413,False,0
CA15A,0.0522,0.15223,CA15A_current_from_12e-3_to_400e-3A-20220321120002,2022-03-21 11:56:47.712217,2022-03-21 11:59:41.759678,294.94853918197515,295.0154222156766,295.1728497107151,0.07882808907574065,1.3272076221935922,2.5755871553114447,10.629267790938691,12.392110784172639,14.480315767228676,1.1098708827586206,15.82245406963797,36.81002513409961,False,0
CA15A,0.0522,0.15223,CA15A_current_from_1e-3_to_150e-3A-20220321114324,2022-03-21 11:40:45.121465,2022-03-21 11:43:05.526851,294.55989466318545,294.56948249281515,294.59901139201656,0.0065690074229783875,0.48341157189610184,0.9602541363692253,19.268872198760505,20.449337187050485,29.97739435848334,0.13229279471264366,9.993737256648,22.802925885057473,False,0
CA15A,0.0522,0.15223,CA15A_current_from_5e-3_to_450e-3A_flipped-20220321121606,2022-03-21 12:13:32.835005,2022-03-21 12:15:57.965122,295.03561613577585,295.0586735697062,295.1292397523865,0.03284503711489194,1.464620532572222,2.8963960280295526,12.511026173667606,14.307982621066506,15.87366573951525,0.5133285153256705,20.48158673528032,40.679981513409956,False,0
CA15A,0.0522,0.15223,CA15A_current_from_1e-3_to_50e-3A_flipped-20220321121129,2022-03-21 12:05:23.067932,2022-03-21 12:11:17.849470,295.1880454603444,295.2289709680967,295.2737501986927,0.0065690074229783875,0.1642251855744597,0.321881363725941,15.399015482202673,15.512794675189527,15.566241216584675,0.10225475409961686,2.543061420769411,4.9566561034482755,False,0
CA12X2_C3,0.04708,0.06525,CA12X2_C3_current_from_8e-6_to_12e-6A-20220401131850,2022-04-01 13:13:24.516033,2022-04-01 13:18:41.187144,103.34216032369099,103.36950431330423,103.39434959660716,0.00012260536398467432,0.00015263116740949254,0.00018265697083431074,1496780.7149357225,1608434.572578193,1747989.4759385623,214.31288593882755,243.81174463787215,273.39743139337304,False,0
CA12X2_C3,0.04708,0.06525,CA12X2_C3_current_from_8e-6_to_12e-6A-20220401120055,2022-04-01 11:39:24.448394,2022-04-01 11:44:37.181446,103.18671077825482,103.26499159002668,103.35645347715467,0.00012260536398467432,0.00015265723147496547,0.00018265697083431074,1512884.0997865228,1617914.7516168822,1753069.314212511,214.9357013593883,245.32736961023792,276.33882689039933,False,0
CA12X2_C3,0.04708,0.06525,CA12X2_C3_current_from_0.1e-6_to_1e-6A-20220331185052,2022-03-31 18:44:50.458178,2022-03-31 18:50:36.698858,98.82019415486043,99.58406683217393,100.46121272280043,1.532567049808429e-06,8.288372820392523e-06,1.504417859097662e-05,4683739.9146346655,4695936.41967949,4713431.440111772,7.1781454630416315,38.91017288427861,70.56970278249788,False,0
CA12X2_C3,0.04708,0.06525,CA12X2_C3_current_from_1e-6_to_10e-6A-20220331185403,2022-03-31 18:51:53.198600,2022-03-31 18:53:53.641433,98.18797946383079,98.34730078758098,98.52713493854375,1.532567049808429e-05,8.066142367412785e-05,0.00014599717685017142,2967836.744907868,3589657.297953701,4739644.92827103,72.63823644859815,265.93072523923445,433.2957861087511,False,0
CA12X2_C3,0.04708,0.06525,CA12X2_C3_at_fixed_current_0.35e-6A-20220331184347,2022-03-31 14:31:10.250475,2022-03-31 18:43:33.554543,100.96704673039764,164.58066867740013,287.24557936122784,5.363984674329502e-06,5.363984674329504e-06,5.363984674329502e-06,82.87895284409517,704514.5569957494,4511417.573522272,0.00044456143288020396,3.7790052865672377,24.199174723874254,False,0
CA12X2_C3,0.04708,0.06525,CA12X2_C3_current_from_1e-6_to_4e-6A-20220331185821,2022-03-31 18:55:09.636126,2022-03-31 18:58:08.477072,97.57769800226092,97.758648123665,97.94658845301865,1.532567049808429e-05,3.735632183908046e-05,5.938697318007663e-05,4263778.984652068,4497615.284430395,4792651.073449449,73.45059116397621,165.94700494105777,253.2129282073067,False,0
CA12X2_C3,0.04708,0.06525,CA12X2_C3_current_from_10e-6_to_12e-6A-20220401111915,2022-04-01 11:16:42.383716,2022-04-01 11:19:06.529972,104.77177726866485,104.92187191842201,105.07921045710432,0.0001532567049808429,0.00016794380587484034,0.0001826309067688378,1427011.6744048223,1434041.299693315,1443895.2606945625,221.28662999150382,240.79897914011613,260.61643606627024,False,0
CA12X2_C3,0.04708,0.06525,CA12X2_C3_current_from_10e-6_to_12e-6A-20220401111618,2022-04-01 11:13:38.593905,2022-04-01 11:16:11.801945,105.17315995485697,105.36333124066694,105.58074193449445,0.0001532567049808429,0.00016794380587484034,0.0001826309067688378,1407410.0190213353,1465079.237538376,1562084.8835811384,232.83434154630416,245.52023221113004,257.03656796941374,False,0
CA12X2_C3,0.04708,0.06525,CA12X2_C3_current_from_12e-6_to_20e-6A_flipped-20220401174339,2022-04-01 17:41:37.919048,2022-04-01 17:43:27.489048,112.3897380685033,112.41082876237704,112.42881855773557,0.0001839080459770115,0.0002444347446529899,0.00030496144332896845,885294.7636818442,951590.2043547989,1007136.3763540783,185.22048300764658,231.21510774819052,269.98076890399324,False,0
CA12X2_C3,0.04708,0.06525,CA12X2_C3_current_from_12e-6_to_20e-6A_flipped-20220401181835,2022-04-01 18:16:28.852963,2022-04-01 18:18:16.914967,112.73600787820423,112.78161801840231,112.79625290507556,0.0001839080459770115,0.0002444347446529899,0.00030496144332896845,871371.0011929506,936850.1478095419,982800.02740017,180.74483262531862,227.73811069765443,265.73455819881053,False,0
CA12X2_C3,0.04708,0.06525,CA12X2_C3_current_from_10e-6_to_13e-6A-20220401112609,2022-04-01 11:23:35.512435,2022-04-01 11:26:01.210776,104.06985254761562,104.16729213211845,104.27227720684019,0.0001532567049808429,0.0001752873563218391,0.00019731800766283525,1452455.7053398474,1478889.5795562153,1644861.9233538657,232.70987064570946,258.8223459005947,286.70708538657607,False,0
CA12X2_C3,0.04708,0.06525,CA12X2_C3_current_from_1e-6_to_12e-6A_flipped-20220404152234,2022-04-04 10:16:25.941975,2022-04-04 12:56:41.890933,190.79059192872762,191.10112137125748,191.4236503751259,1.532567049808429e-05,9.789662991633436e-05,0.0001804675893345844,7301.481306021667,7665.753288335342,7840.156808501221,0.11190009664401021,0.756517910274305,1.4148941992353443,False,0
CA12X2_C3,0.04708,0.06525,CA12X2_C3_current_from_1e-6_to_12e-6A_flipped-20220404182243,2022-04-04 16:29:40.432701,2022-04-04 18:22:07.621464,139.27701152243986,139.444659776374,139.61326906823447,1.532567049808429e-05,9.789662991633436e-05,0.0001804675893345844,207553.67346706308,214193.59443379464,215841.77597140972,3.253961873406967,21.02488674813171,38.95244498725574,False,0
CA12X2_C3,0.04708,0.06525,CA12X2_C3_current_from_1e-6_to_20e-6A-20220401160839,2022-04-01 14:14:00.864575,2022-04-01 16:07:56.113163,103.96385993412757,103.97863527063878,103.99216929323532,1.532567049808429e-05,0.00015794823676597075,0.00030057080303385724,1358556.0358921469,1594084.6504878502,1958376.1960705183,30.01342829226848,236.04501826071126,408.3422786745964,False,0
CA12X2,0.02376,0.04807,CA12X2_current_from_100e-9_to_200e-9A_flipped-20220315160531,2022-03-15 16:01:04.742427,2022-03-15 16:05:11.041812,113.4785256680946,113.48018285166461,113.48150857811657,2.0802995631370915e-06,3.1099427812554505e-06,4.139585999373809e-06,19820428.51095158,62606780.54589548,110492294.33030303,42.4615303030303,193.00416051508353,383.38384974747476,True,100
CA12X2,0.02376,0.04807,CA12X2_at_fixed_current_0.1e-6A-20220315125954,2022-03-15 11:58:11.422497,2022-03-15 12:58:49.876797,139.25484561751756,177.8222991323124,233.0839748734382,2.0802995631370915e-06,2.0802995631370923e-06,2.0802995631370915e-06,546563.9604245372,55593855.34529445,225600734.70416668,1.1370167680976433,115.65187298792272,469.3171098484848,False,0
CA12X2,0.02376,0.04807,CA12X2_current_from_10e-9_to_100e-9A_flipped-20220315155945,2022-03-15 15:54:27.964749,2022-03-15 15:59:14.822734,113.46753226991027,113.47038747998978,113.47253215644972,2.0802995631370918e-07,1.1347088526202317e-06,2.0613877489267543e-06,19740883.922817465,152824330.59322262,1662552432.3765433,6.249656439393939,107.15963499940484,493.5776978114478,True,100
CA12X2,0.02376,0.04807,CA12X2_current_from_0.1e-6_to_1.0e-6A-20220317151236,2022-03-17 15:07:33.666312,2022-03-17 15:09:34.375901,108.61502196630414,108.88314087701764,109.10679830003721,2.0802995631370915e-06,1.1347088526202317e-05,2.0613877489267545e-05,19891780.589458037,40115435.83828598,107660116.76851852,45.2512117003367,357.39196840883585,504.6785984848485,True,100
CA12X2,0.023759999999999996,0.04807,CA12X2_at_fixed_current_1e-6A-20220310155321,2022-03-10 12:54:06.791905,2022-03-10 15:52:23.323976,81.51169530269492,181.45843417403051,294.536062572084,2.0802995631370915e-05,2.0802995631370915e-05,2.0802995631370915e-05,16068.186178784725,9824052.439311067,21221062.610023156,0.33426640688131315,204.3697199773469,441.4616727693604,False,0
CA12X2,0.02376,0.04807,CA12X2_at_fixed_current_1e-6A-20220314131804,2022-03-14 10:00:27.193422,2022-03-14 13:17:49.974251,139.37849377813998,184.83828211810226,286.2463896344501,2.0802995631370915e-05,2.080299563137092e-05,2.0802995631370915e-05,45666.229596134275,9757869.893652325,23725997.58324074,0.9499943747895625,202.99292476913513,493.571824074074,False,0
CA12X2,0.02376,0.04807,CA12X2_at_fixed_current_1e-6A-20220310161627,2022-03-10 16:04:55.651953,2022-03-10 16:15:58.849977,105.86975565231542,154.18892088596633,197.1892634320059,2.0802995631370915e-05,2.0802995631370915e-05,2.0802995631370915e-05,2446105.1035810187,14329200.277323613,20185716.286245372,50.88631378367003,298.09029077020205,419.9233677188552,False,0
CA12X2,0.02376,0.04807,CA12X2_current_from_0.1e-6_to_1.5e-6A-20220317150657,2022-03-17 14:37:25.797876,2022-03-17 14:39:09.842230,127.7438924659121,128.9964164427572,130.0201022371182,2.0802995631370915e-06,1.6495304616794114e-05,3.0910309670451134e-05,14222521.85115001,24806855.245354623,38569459.872906536,32.19194604377104,346.6466874715164,504.7230092592593,True,100
CA12X2,0.02376,0.04807,CA12X2_current_from_300e-9_to_10000e-9A_flipped-20220315161917,2022-03-15 16:16:47.456874,2022-03-15 16:19:05.441562,113.48122453754874,113.48340912411199,113.48457630200946,6.240898689411275e-06,0.00010611629084689205,0.00020599168300437285,20017830.62630452,20612653.88312919,70366774.50308643,166.92395202020202,2135.312182642928,4133.849385521886,False,0
CA12X2,0.02376,0.04807,CA12X2_current_from_1e-9_to_10e-9A_flipped-20220315155235,2022-03-15 15:49:11.010296,2022-03-15 15:52:19.794758,113.45980573102733,113.46232819905514,113.464464448826,2.0802995631370917e-08,1.1347088526202319e-07,2.0613877489267547e-07,-42333786.45355903,1808466595.5148118,4714311895.37037,-1.2809739267676767,201.44560375472741,504.3277693602694,True,100
CA12X2,0.02376,0.04807,CA12X2_current_from_1e-9_to_1000e-9A_flipped-20220315170952,2022-03-15 16:20:07.901023,2022-03-15 17:09:27.506288,113.42244874233647,113.47060542191866,113.48469020349191,2.0802995631370917e-08,1.0401497815685458e-05,2.0782192635739542e-05,19821761.594109874,46082939.948987715,2178659231.1574078,1.9175741245791247,243.6515119804232,500.14910774410777,True,100
CA12X2,0.023759999999999996,0.04807,CA12X2_current_from_1e-3_to_51e-3A-20220307133237,2022-03-07 10:09:15.414212,2022-03-07 13:30:59.346143,287.91588549380265,287.98229255168576,288.14116898511537,0.02080299563137092,0.5302641131343321,1.0397252306372933,139.68660860833018,731.0596612857228,3294.032523305556,68.5257441919192,198.57197071566003,255.8203422138047,False,0
CA12X2,0.02376,0.04807,CA12X2_current_from_200e-9_to_300e-9A_flipped-20220315161234,2022-03-15 16:07:52.477063,2022-03-15 16:12:09.880928,113.47633863504456,113.47856943609689,113.47994635313779,4.160599126274183e-06,5.190242344392542e-06,6.2198855625109e-06,20104770.980410747,44864519.59739916,91887008.46967594,84.30489814814815,226.3360563505424,432.03391414141413,True,100
CA12X2,0.02376,0.04807,CA12X2_current_from_100e-9_to_200e-9A-20220315152213,2022-03-15 15:19:48.303211,2022-03-15 15:21:59.284143,113.44438044032266,113.4470336731785,113.44830055072204,2.0802995631370915e-06,3.1099427812554505e-06,4.139585999373809e-06,19911229.091493055,62533043.3506172,110650091.82333334,42.474348484848484,192.7987331012142,383.3996856060606,True,100
CA12X2,0.02376,0.04807,CA12X2_current_from_1e-9_to_10e-9A-20220315153228,2022-03-15 15:29:50.843766,2022-03-15 15:31:25.795339,113.43608496355498,113.43696702903571,113.43793137951005,2.0802995631370917e-08,1.1347088526202319e-07,2.0613877489267547e-07,-27365943.515200615,1820239609.2249444,4712877547.025035,-0.931571351010101,203.1059974760186,504.57023148148147,True,100
CA12X2,0.02376,0.04807,CA12X2_current_from_1e-9_to_10e-9A-20220315151857,2022-03-15 15:16:42.425467,2022-03-15 15:18:30.146044,113.44219279182313,113.4434834817388,113.44435184366768,2.0802995631370917e-08,1.1347088526202319e-07,2.0613877489267547e-07,-46382708.87623457,1877558113.3055434,4806089919.175925,-1.3157717592592593,199.59149234338759,503.11421296296294,True,100
CA12X2,0.023759999999999996,0.04807,CA12X2_current_from_1e-3_to_100e-3A_flipped-20220309102728_a,2022-03-09 10:24:28.267495,2022-03-09 10:27:10.949094,288.1234514551118,288.2045962022032,288.31832034788226,0.02080299563137092,1.0295360082872342,2.0382690209430976,65.51259750688514,785.7096596345921,12709.129066041667,122.49713783670035,189.5014780414691,408.6426148989899,False,0
CA12X2,0.02376,0.04807,CA12X2_current_from_10e-9_to_100e-9A-20220315151525,2022-03-15 15:12:34.349389,2022-03-15 15:15:05.533926,113.44290294449021,113.4453919817824,113.45031754958396,2.0802995631370918e-07,1.1347088526202317e-06,2.0613877489267543e-06,20229115.776886147,138389544.23700354,1409971053.0221195,5.856944991582492,101.7919275660647,503.08811026936024,True,100
CA12X2,0.02376,0.04807,CA12X2_current_from_1e-6_to_4e-6A-20220317143330,2022-03-17 14:31:47.518529,2022-03-17 14:33:07.344964,136.64876660950597,137.6641287221753,138.97050862539743,2.0802995631370915e-05,5.169229217492168e-05,8.258158871847242e-05,9736196.133670634,11021428.884071812,17062689.60763889,216.88414983164984,543.9579606672788,832.9602609427609,False,0
CA12X2,0.02376,0.04807,CA12X2_current_from_1e-5_to_20e-3A-20220307165146_a,2022-03-07 15:30:56.025613,2022-03-07 16:51:46.530985,173.63699430655558,183.62408371354192,190.1078224595091,0.0002080299563137092,0.20771728603868858,0.4152265421210634,940.4061857834521,43967.15008639948,2485829.9340925924,390.48160871212116,1165.2446874350553,4029.212516414141,False,0
CA12X2,0.02376,0.04807,CA12X2_current_from_1e-6_to_2e-6A-20220317143643,2022-03-17 14:34:35.050780,2022-03-17 14:36:22.511182,131.53227863929484,132.69711817311162,134.22723632910095,2.0802995631370915e-05,3.10994278125545e-05,4.139585999373809e-05,12455290.928567862,13867183.909197092,22264745.156603772,267.96629082491586,421.35036659099416,522.0613804713804,True,100
CA12X2,0.02376,0.04807,CA12X2_current_from_200e-9_to_300e-9A-20220315152513,2022-03-15 15:22:43.215606,2022-03-15 15:25:00.096545,113.44031779363027,113.44749363867332,113.45139706028124,4.160599126274183e-06,5.190242344392542e-06,6.2198855625109e-06,20167013.723911803,45464935.06220073,92466925.98148149,84.37687079124579,229.67731943594188,432.4845496632996,True,100
CA12X2,0.02376,0.04807,CA12X2_current_from_1e-5_to_2e-3A-20220308125056_a,2022-03-08 12:43:54.362134,2022-03-08 12:50:29.058179,292.8939406126432,292.91095420096593,292.94399470526935,0.0002080299563137092,0.020484582432931563,0.04076113490954942,3617.9038479242136,4848.316630816463,7769.262505680556,1.616239339646465,87.13198948396379,147.46986683501683,False,0
CA12X2,0.02376,0.04807,CA12X2_current_from_1e-5_to_2e-3A-20220308130534_a,2022-03-08 12:51:55.449410,2022-03-08 13:05:17.071069,292.9590596186952,292.9822274875071,292.994797845915,0.0002080299563137092,0.020484582432931563,0.04076113490954942,3572.7769077962084,4751.632278923282,6862.809530171296,1.4276699667508417,86.36391894498557,145.81691755050505,False,0
CA12X2,0.023760000000000003,0.04807,CA12X2_current_from_1e-5_to_2e-3A-20220308155425_a,2022-03-08 15:37:26.027320,2022-03-08 15:53:44.784166,247.696378107125,247.99448022349736,248.3036047062398,0.0002080299563137092,0.018607123870281763,0.03700621778424982,13605.67650770352,21722.70671881636,47117.70618981481,9.80189436026936,310.7685795828657,503.49462794612793,False,0
CA12X2,0.02376,0.04807,CA12X2_current_from_300e-9_to_1000e-9A-20220315152902,2022-03-15 15:26:08.235481,2022-03-15 15:28:47.066661,113.44858460867538,113.45233045755224,113.45395356174134,6.240898689411275e-06,1.3448401216239784e-05,2.065590374306829e-05,20146416.617160432,20659369.2056532,70090508.22839506,128.8343261784512,274.1762067773696,437.4277609427609,False,0
CA12_01_A,0.0124,0.01248,CA12_01_A_current_from_1e-5_to_6e-5A-20220429143056,2022-04-29 14:23:06.841086,2022-04-29 14:30:29.486733,177.58711651529896,178.12069465286277,178.70448557113926,0.0008012820512820514,0.002753122945430638,0.004704963839579225,313125.21685871243,352859.0813629189,394481.6022193548,316.0910274193549,942.2005924110837,1473.2428225806452,False,0
CA12_01_A,0.0124,0.01248,CA12_01_A_current_from_1e-8_to_35e-8A-20220429161303,2022-04-29 15:32:01.508624,2022-04-29 16:12:25.958322,106.83767792084242,107.17486553008978,107.48284024865957,8.012820512820513e-07,1.4285483035483036e-05,2.776968401968402e-05,9748888.189535053,46424946.75494108,234212918.57967132,41.232014516129034,379.21281860948193,941.6330241935485,True,100
CA12_01_A,0.012400000000000001,0.01248,CA12_01_A_current_from_1e-6_to_10e-6A-20220429144153,2022-04-29 14:32:05.743818,2022-04-29 14:39:13.143607,155.0600729248698,155.43480926978472,155.83750301806361,8.012820512820513e-05,0.00043145956607495067,0.0007827909270216964,1476648.1860623832,1698394.6002004673,1893417.7532903224,151.71616612903225,704.3846460090984,1156.8784758064517,False,0
CA12_01_A,0.0124,0.01248,CA12_01_A_current_from_1e-9_to_30e-8A-20220429165618,2022-04-29 16:54:13.948102,2022-04-29 16:56:08.174061,95.1267688140538,95.17312001353062,95.22021090939349,8.012820512820514e-08,1.1938293188293188e-05,2.379645817145817e-05,9853098.63200881,54300846.32799684,598737043.8689231,4.195737612903226,347.65068774959275,917.3540080645162,True,100
CA12_01_A,0.0124,0.01248,CA12_01_A_current_from_1e-9_to_30e-8A-20220429163858,2022-04-29 16:16:54.844084,2022-04-29 16:38:37.490986,99.19494758874329,99.28431987410575,99.36649179648609,8.012820512820514e-08,1.1756166943022612e-05,2.379645817145817e-05,9936711.14831942,50350172.06542874,477226244.1597057,1.0826802661290322,321.7630444465414,907.3176935483872,True,100
CA12_01_A,0.0124,0.01248,CA12_01_A_current_from_0.5e-8_to_30e-8A-20220429161610,2022-04-29 16:14:03.728878,2022-04-29 16:16:01.143831,99.45446138319086,99.54780400115266,99.63478910950214,4.0064102564102567e-07,1.2127244891420149e-05,2.3799695674695673e-05,9661201.620134324,50346399.04329995,474493737.28757167,20.16428185483871,327.9217413002993,934.302185483871,True,100
CA12_01_A,0.0124,0.01248,CA12_01_A_current_from_1e-7_to_10e-7A-20220429152836,2022-04-29 15:21:58.467690,2022-04-29 15:28:30.032101,111.36220357960475,112.12485460882387,112.8522818393313,8.012820512820513e-06,4.3706293706293706e-05,7.939976689976689e-05,9391428.983633278,14579264.892673342,108464384.6,89.02475645161292,492.224939850114,948.11525,True,100
CA12_01_A,0.0124,0.01248,CA12_01_A_current_from_1e-7_to_10e-7A-20220429152137,2022-04-29 15:15:03.605663,2022-04-29 15:17:09.433148,115.81268596729062,116.09864998669525,116.35134158497408,8.012820512820513e-06,4.3706293706293706e-05,7.939976689976689e-05,8964015.57038177,17007032.43594215,74611514.36129032,124.69948870967742,515.9235850602802,949.5442741935485,True,100
CA12_01_A,0.0124,0.01248,CA12_01_A_current_from_1e-7_to_10e-7A-20220429145757,2022-04-29 14:43:05.050116,2022-04-29 14:54:08.105830,136.39580349520986,137.02370127135362,137.67385216382127,8.012820512820513e-06,4.3706293706293706e-05,7.939976689976689e-05,9436122.68018433,9814592.096088516,10202425.505161291,76.1127581451613,426.785338376507,768.3221411290324,False,0
CA12_01_A,0.0124,0.01248,CA12_01_A_current_from_1e-7_to_10e-7A-20220429151346,2022-04-29 14:58:15.672133,2022-04-29 15:12:47.730542,122.57052994267335,123.21217565473144,123.667109978741,8.012820512820513e-06,4.3706293706293706e-05,7.939976689976689e-05,7704874.759021134,17560921.9461702,33945232.980645165,196.60558951612904,570.3744825594656,950.1351451612904,True,100
CA12_01_A,0.0124,0.01248,CA12_01_A_current_from_1e-8_to_20e-8A-20220429153124,2022-04-29 15:29:01.776637,2022-04-29 15:31:08.007917,107.82961341071154,108.27302238522802,108.71029093527491,8.012820512820513e-07,8.349124420552992e-06,1.5871859621859624e-05,9700935.119134778,73748088.7927114,214763102.46777543,39.92462209677419,376.5225683377222,967.7124596774195,True,100
CPRO_03_CE2_A1,0.01687,0.01715,CPRO_03_CE2_A1_at_fixed_current_30e-6A-20220414174255,2022-04-14 17:18:03.643441,2022-04-14 17:42:52.083603,76.82410814930458,81.76512966086746,90.019745481553,0.0017492711370262393,0.001749271137026239,0.0017492711370262393,33025.92617468879,101387.90277435684,157953.7216383126,57.7712994309425,177.354931966805,276.30388624777714,False,0
CPRO_03_CE2_A1,0.01687,0.01715,CPRO_03_CE2_A1_at_fixed_current_30e-6A-20220414171310,2022-04-14 15:47:32.155506,2022-04-14 17:10:32.696195,95.06505075884172,125.04673007456842,155.04627230829533,0.0017492711370262393,0.0017492711370262388,0.0017492711370262393,187.0726000650069,3888.0782133551975,18798.26804536653,0.3272406998221695,6.801302997122795,32.88326771784233,False,0
CPRO_03_CE2_A1,0.01687,0.01715,CPRO_03_CE2_A1_at_fixed_current_30e-6A-20220414183834,2022-04-14 18:21:55.124327,2022-04-14 18:38:18.536291,76.85511963091348,122.95963405804964,184.01151879543113,0.0017492711370262393,0.0017492711370262386,0.0017492711370262393,50.14855310972798,18895.03872825954,162507.49537574916,0.08772341651847461,33.052545880337384,284.26967121122306,False,0
CPRO_03_CE2_A1,0.01687,0.01715,CPRO_03_CE2_A1_at_fixed_current_30e-6A-20220414185143,2022-04-14 18:38:53.917022,2022-04-14 18:50:20.917132,188.03538945574246,218.08982201286105,242.69327225537668,0.0017492711370262393,0.0017492711370262393,0.0017492711370262393,19.78543913324112,25.970890604736702,44.124997568003685,0.034610097609168146,0.04543012933773185,0.07718658466706185,False,0
CPRO_03_CE2_A1,0.01687,0.01715,CPRO_03_CE2_A1_at_fixed_current_30e-6A-20220414154149,2022-04-14 14:05:02.636170,2022-04-14 15:40:49.708226,159.92135780725926,224.7185748630831,295.3293432232343,0.0017492711370262393,0.0017492711370262397,0.0017492711370262393,8.237099280221301,27.18214844220378,136.27288862102353,0.014408920023710732,0.047548947712309816,0.23837823082394788,False,0
CPRO_03_CE2_A1,0.01687,0.01715,CPRO_03_CE2_A1_at_fixed_current_30e-6A-20220414191000,2022-04-14 18:52:25.542184,2022-04-14 19:09:32.625918,249.10523046739422,266.2530353410163,277.7472312194811,0.0017492711370262393,0.0017492711370262386,0.0017492711370262393,16.329782041954815,18.340449041552557,22.494656192946056,0.028565216399920962,0.03208241814848844,0.039349252815649084,False,0
CPRO_03_CE2_A1,0.01687,0.01715,CPRO_03_CE2_A1_at_fixed_current_30e-6A-20220414154149-joined,2022-04-14 14:05:02.636170,2022-04-14 17:10:32.696195,95.06505075884172,194.58522643864845,295.3293432232343,0.0017492711370262393,0.0017492711370262388,0.0017492711370262393,8.237099280221301,1194.429795974039,18798.26804536653,0.014408920023710732,2.0893815673015266,32.88326771784233,False,0
CA8_01_A,0.0162083,0.023749999999999997,CA8_01_A_current_from_1e-6_to_5e-6A-20220421105431,2022-04-21 10:53:40.694765,2022-04-21 10:54:23.369718,129.88953101694545,129.99735110614657,130.13583539486586,4.210526315789474e-05,0.00012459720730397423,0.00020708915145005373,7079574.6772744,8157056.24172823,16214755.898707384,382.50291579005824,979.7562891499153,1584.878488181981,False,0
CA8_01_A,0.0162083,0.023749999999999997,CA8_01_A_current_from_0.5e-6_to_2e-6A_flipped-20220421110256,2022-04-21 11:00:48.696879,2022-04-21 11:02:45.020371,127.31008045426911,127.45991469854727,127.61796950167829,2.105263157894737e-05,5.198711063372717e-05,8.292158968850697e-05,8989856.30863703,12616287.973667692,22692376.129822377,305.2732297649969,576.9258962937482,745.8274587711235,True,100
CA8_01_A,0.0162083,0.02375,CA8_01_A_square_waveform_value_3.5e-08A-20220422142852,2022-04-22 14:26:41.035802,2022-04-22 14:28:52.774618,105.8193629846537,105.85194363920606,105.87270947166434,1.4736842105263159e-06,1.473684210526316e-06,1.4736842105263159e-06,14343491.077322818,229320829.13918728,501955110.52097654,21.137776324475734,337.94648504722335,739.7233207677549,True,100
CA8_01_A,0.0162083,0.023749999999999997,CA8_01_A_at_fixed_current_5e-7A-20220422113350,2022-04-22 11:28:22.018631,2022-04-22 11:33:50.091120,103.14062343224731,112.37619974504071,125.5891442866924,2.105263157894737e-05,2.105263157894737e-05,2.105263157894737e-05,10458070.044359988,18269899.768191602,34490691.806049995,220.1698956707366,384.6294688040337,726.1198274957893,True,100
CA8_01_A,0.0162083,0.02375,CA8_01_A_at_fixed_current_1.42e-6A-20220421121309,2022-04-21 12:10:26.566901,2022-04-21 12:12:37.479632,132.17031567285318,132.19991794820965,132.22876941097613,5.978947368421052e-05,5.9789473684210515e-05,5.978947368421052e-05,6820874.232798307,9314956.761068253,11847316.381026486,407.81648044520404,556.9363621354491,708.3448109918993,True,100
CA8_01_A,0.0162083,0.02375,CA8_01_A_at_fixed_current_-3e-8A-20220422093420,2022-04-22 09:32:18.559422,2022-04-22 09:34:05.574513,103.52991145492213,103.53105351414648,103.53260651432586,-1.263157894736842e-06,-1.2631578947368426e-06,-1.263157894736842e-06,14512566.326614555,216408134.73930028,586050832.4952855,-740.2747357835184,-273.3576438812214,-18.331662728355226,True,100
CA8_01_A,0.0162083,0.023749999999999997,CA8_01_A_current_from_1e-6_to_2e-6A-20220421110002,2022-04-21 10:55:09.570032,2022-04-21 10:56:15.162437,129.2169986293485,129.40203364473936,129.6088177828121,4.210526315789474e-05,6.27282491944146e-05,8.335123523093447e-05,8059721.576337434,9223916.292723157,15920932.940221984,346.28234484801004,562.0177333935864,739.9044501891007,True,100
CA8_01_A,0.0162083,0.023749999999999997,CA8_01_A_current_from_-1e-6_to_1e-6A_flipped-20220421111258,2022-04-21 11:09:52.650936,2022-04-21 11:11:46.611015,124.848352588765,124.94850113952289,125.05520537779873,-4.210526315789474e-05,-8.592910848549978e-07,4.038668098818475e-05,10041821.325339487,23659013.665461507,37469905.537851945,-735.3799534806243,5.462876387217606,737.8974969614334,False,0
CA8_01_A,0.0162083,0.023749999999999997,CA8_01_A_current_from_-1e-6_to_1e-6A_flipped-20220421112932,2022-04-21 11:13:32.991397,2022-04-21 11:17:31.183321,123.87203262377801,124.05387969752009,124.25056276637864,-4.210526315789474e-05,-4.253056884635821e-07,4.1254651780967565e-05,10373909.986704344,24396860.752313495,44076495.97274239,-713.3439472369095,18.994453495175822,720.976598409457,True,100
CA8_01_A,0.0162083,0.02375,CA8_01_A_current_from_1e-7_to_1.3e-6A-20220421182659,2022-04-21 17:12:47.719808,2022-04-21 18:26:50.850362,128.1481584376728,128.1749020792713,128.22615084046723,4.210526315789473e-06,2.9218500797448165e-05,5.422647527910685e-05,8638286.189174686,17634062.341352746,22083568.548296332,82.14539217561374,453.20313215258153,737.0807981096107,True,100
CA8_01_A,0.0162083,0.02375,CA8_01_A_square_waveform_value_3e-08A-20220422141850,2022-04-22 14:16:04.285165,2022-04-22 14:18:50.558926,106.03164562763365,106.07114944240243,106.11813997647273,1.263157894736842e-06,1.263157894736842e-06,1.263157894736842e-06,70650469.64106868,519487769.020746,567335794.0067744,89.2426984939815,656.1950766577844,716.6346871664518,True,100
CA8_01_A,0.0162083,0.023749999999999997,CA8_01_A_current_from_-0.5e-6_to_1e-6A_flipped-20220421110914,2022-04-21 11:07:22.280364,2022-04-21 11:09:00.374582,125.47486143546578,125.5823846523783,125.67389059378964,-2.105263157894737e-05,9.88184747583244e-06,4.081632653061225e-05,9879253.554043297,25505608.59815838,33009604.364739068,-578.4008304387258,167.85144035677365,740.1119179679547,True,100
CA8_01_A,0.0162083,0.02375,CA8_01_A_at_fixed_current_3e-8A-20220422093131,2022-04-22 09:29:41.484315,2022-04-22 09:31:22.192050,103.52840419840257,103.53031221853945,103.53162145568422,1.263157894736842e-06,1.2631578947368426e-06,1.263157894736842e-06,14481333.095286576,258864090.726562,584439297.0473976,18.292210225625148,326.98621986513086,738.2391120598706,True,100
CA8_01_A,0.0162083,0.02375,CA8_01_A_current_from_1e-7_to_10e-6A-20220421170359,2022-04-21 15:52:38.428708,2022-04-21 17:03:37.247702,144.74073434463037,144.88813030495749,145.07426549695157,4.210526315789473e-06,0.00021052631578947364,0.0004168421052631579,2504476.171081322,2877416.5315261036,3393934.2420241493,14.290249440101679,571.2886317865452,1043.971119734951,False,0
CA8_01_A,0.0162083,0.02375,CA8_01_A_current_from_1e-7_to_10e-6A-20220421155019,2022-04-21 15:38:09.587005,2022-04-21 15:49:10.903674,148.72405230927302,148.9425100165133,149.15769553096067,4.210526315789473e-06,0.00021421595225176338,0.0004168421052631579,1816530.6676590734,2077189.796504656,2328042.5854346235,9.802284570251045,432.77840600504356,757.4825490643683,False,0
CA8_01_A,0.0162083,0.02375,CA8_01_A_at_fixed_current_1e-7A-20220422122951,2022-04-22 12:07:52.850874,2022-04-22 12:29:51.177159,113.57237241947196,117.87449959041763,124.07906419575576,4.210526315789473e-06,4.210526315789474e-06,4.210526315789473e-06,30099032.787213963,98471192.8907489,167104516.74450746,126.73276963037456,414.6155490136796,703.5979652400314,False,0
CA8_01_A,0.0162083,0.02375,CA8_01_A_current_from_0.5e-7_to_4e-7A-20220421185114,2022-04-21 18:27:59.302318,2022-04-21 18:50:56.164383,113.94299781663302,113.98651093291708,114.0196239426471,2.1052631578947366e-06,9.399255715045189e-06,1.669324827219564e-05,13436985.972045481,54509216.48811609,152724252.32497892,66.53433549477738,372.9627110676617,724.2873589457255,True,100
CA8_01_A,0.0162083,0.02375,CA8_01_A_at_fixed_current_1.38e-6A-20220421120616,2022-04-21 12:03:43.449423,2022-04-21 12:06:11.086384,131.93590120791913,131.98932064701538,132.0345385408269,5.8105263157894734e-05,5.8105263157894734e-05,5.8105263157894734e-05,6911433.147465063,9860197.12607249,12741413.992625179,401.5906418316542,572.9293487991594,740.3432130451682,True,100
CA8_01_A,0.0162083,0.02375,CA8_01_A_current_from_1.42e-6_to_2e-6A-20220421124344,2022-04-21 12:42:55.852136,2022-04-21 12:43:30.710273,132.85641822860651,132.86141569349707,132.86671605916362,5.978947368421052e-05,7.149122807017544e-05,8.319298245614034e-05,6500438.044050793,8073836.572823952,11564106.115636317,424.3172356138522,565.3746575057224,739.8766804661809,False,0
CA8_01_A,0.0162083,0.02375,CA8_01_A_at_fixed_current_5e-6A-20220422160003,2022-04-22 15:38:46.327408,2022-04-22 16:00:03.260255,105.44943553924442,174.54053254950296,225.8954317057727,0.0002105263157894737,0.00021052631578947361,0.0002105263157894737,20097.29123350382,2258543.7603564686,13986549.795475159,4.231008680737647,475.4828969171512,2944.536799047402,False,0
CA8_01_A,0.0162083,0.02375,CA8_01_A_at_fixed_current_1.40e-6A-20220421120923,2022-04-21 12:06:57.757685,2022-04-21 12:09:08.652387,132.0610566061638,132.09950656067335,132.13536768058657,5.894736842105263e-05,5.894736842105263e-05,5.894736842105263e-05,6864353.922835832,9405087.288886823,11978171.258817133,404.63559966190167,554.4051454501707,706.0816742039573,True,100
CA8_01_A,0.0162083,0.02375,CA8_01_A_at_fixed_current_30e-6A-20220421104551,2022-04-21 10:19:37.429611,2022-04-21 10:45:51.011662,134.08947828402933,170.2576914558291,213.62620665458724,0.0012631578947368421,0.0012631578947368421,0.0012631578947368421,29477.86153030649,1108685.1527359013,5128097.065495251,37.235193511966095,1400.4444034558753,6477.596293257159,False,0
CA8_01_A,0.0162083,0.02375,CA8_01_A_at_fixed_current_1.34e-6A-20220421120127,2022-04-21 11:58:54.930956,2022-04-21 12:00:48.818608,131.72857484696664,131.77519349641284,131.81513568599308,5.642105263157895e-05,5.642105263157895e-05,5.642105263157895e-05,7017340.364288206,10994442.106332615,13117442.46613652,395.9257300272083,620.3179967362402,740.0999117735975,True,100
CA12X_C5,0.0153,0.02588,CA12X_C5_current_from_1e-5_to_15e-5A_flipped-20220408104713,2022-04-08 10:45:43.903203,2022-04-08 10:46:56.910607,292.7626990423489,292.7659088446021,292.76945208585005,0.00038639876352395677,0.0030359902848310877,0.00568558180613822,489.1219254065359,489.8527402628139,490.0312478532325,0.1889961071895425,1.4874193070828334,2.786029248366013,False,0
CA12X_C5,0.015300000000000001,0.02588,CA12X_C5_current_from_1e-7_to_10e-7A_flipped-20220412171054,2022-04-12 17:02:08.887826,2022-04-12 17:10:32.197704,119.19402170289041,119.35024988138348,119.47200064871791,3.863987635239567e-06,2.1164555389000644e-05,3.846512314276172e-05,12632882.372268805,28825535.151497636,50302458.754964806,146.25943137254902,465.3194945216278,783.9449150326798,True,100
CA12X_C5,0.0153,0.025880000000000004,CA12X_C5_current_from_1e-6_to_10e-6A-20220413120917,2022-04-13 10:57:27.115518,2022-04-13 12:08:11.653110,209.98833679720107,210.02181732897938,210.0547156279427,3.863987635239567e-05,0.000208970759864997,0.00037930164337759834,25313.133067253002,25543.36340516335,25565.986790819876,0.9851787712418301,5.338311599973323,9.683727777777777,False,0
CA12X_C5,0.0153,0.025880000000000004,CA12X_C5_current_from_1e-6_to_10e-6A-20220413133037,2022-04-13 13:14:22.914056,2022-04-13 13:30:21.849751,124.78322240011624,124.7998365916749,124.8195209542702,3.863987635239567e-05,0.000208970759864997,0.00037930164337759834,9223122.693640972,9934054.913332643,19804576.967320267,472.6341111111111,2010.693792223556,3498.345594771242,False,0
CA12X_C5,0.0153,0.025880000000000004,CA12X_C5_current_from_1e-6_to_10e-6A-20220412164643,2022-04-12 16:35:46.319815,2022-04-12 16:41:53.028687,122.05855045355477,122.65519578410111,123.38121595245227,3.863987635239567e-05,0.000208970759864997,0.00037930164337759834,10187808.86893846,10559369.557111446,11847700.169450982,457.7936696078431,2181.2674699506474,3864.252646405229,False,0
CA12X_C5,0.0153,0.025880000000000004,CA12X_C5_current_from_1e-6_to_10e-6A-20220408165631,2022-04-08 15:41:38.629426,2022-04-08 16:55:55.199972,122.17645389435168,122.39352399262988,122.63952503465879,3.863987635239567e-05,0.000208970759864997,0.00037930164337759834,9589594.330515131,10182577.90102695,19855655.798954252,478.4277882352941,2070.857680098706,3637.348888888889,False,0
CA12X_C5,0.0153,0.025880000000000004,CA12X_C5_current_from_1e-6_to_10e-6A-20220408154031,2022-04-08 15:06:14.940231,2022-04-08 15:37:22.288377,133.9273623567024,133.928450574541,133.9300843487058,3.863987635239567e-05,0.000208970759864997,0.00037930164337759834,5201432.173278981,5871207.569187344,8537280.263407256,321.7217882352941,1149.1291188075231,1972.9117712418301,False,0
CA12X_C5,0.0153,0.025880000000000004,CA12X_C5_current_from_1e-6_to_10e-6A-20220413131146,2022-04-13 12:29:48.623909,2022-04-13 13:06:37.227465,144.23968933947734,144.28669135075089,144.3528276082664,3.863987635239567e-05,0.000208970759864997,0.00037930164337759834,2719384.767031647,3146921.8890662496,3552784.92694929,136.86115947712418,626.2494932239562,1031.467111111111,False,0
CA12X_C5,0.0153,0.025880000000000004,CA12X_C5_current_from_1e-6_to_15e-6A_flipped-20220408104518,2022-04-08 10:43:56.763155,2022-04-08 10:45:08.642413,292.7840757276722,292.7875487263402,292.79115197374875,3.863987635239567e-05,0.0003035990284831089,0.000568558180613822,481.64103569150336,487.59508126421036,488.69401788649463,0.018610550065359478,0.1482107946031746,0.2778417647058824,False,0
CA12X_C5,0.0153,0.02588,CA12X_C5_current_from_1e-7_to_3.5e-7A-20220413145630,2022-04-13 14:55:10.042175,2022-04-13 14:56:04.504574,112.99295407377627,112.99579338662717,112.99815729770272,3.863987635239567e-06,8.595401066145159e-06,1.3326814497050752e-05,14691165.943812052,62735462.875518925,104951616.66269685,117.87728758169935,462.64045042016807,779.024751633987,True,100
CA12X_C5,0.0153,0.02588,CA12X_C5_current_from_1e-4_to_15e-4A_flipped-20220408105103,2022-04-08 10:49:33.865252,2022-04-08 10:50:46.402276,292.7227999586186,292.72576466519865,292.72913110286714,0.0038639876352395673,0.030359902848310888,0.0568558180613822,480.99792749565336,488.1451589326192,491.886008807228,1.8998322810457515,14.770049172735762,27.347530653594774,False,0
CA12X_C5,0.0153,0.02588,CA12X_C5_current_from_1e-4_to_15e-4A_flipped-20220408104053,2022-04-08 10:39:28.878163,2022-04-08 10:40:41.925633,292.84239649438945,292.8463246429605,292.8503161283928,0.0038639876352395673,0.030359902848310888,0.0568558180613822,472.4276445033552,482.33844760108116,486.3924150391388,1.879252549019608,14.599673002934507,27.03598823529412,False,0
CA12X_C5,0.0153,0.02588,CA12X_C5_current_from_3.5e-7_to_5e-7A-20220413145837,2022-04-13 14:57:09.136010,2022-04-13 14:58:18.106278,112.98081349814126,112.9843288027428,112.98772265524312,1.3523956723338484e-05,1.636280478188184e-05,1.9201652840425194e-05,14652665.974484306,25745709.812012978,48963343.40616248,200.40391960784314,411.01680806989464,718.2485032679739,True,100
CA12X_C5,0.0153,0.02588,CA12X_C5_at_fixed_current_3.5e-7A-20220413144545,2022-04-13 14:44:54.624516,2022-04-13 14:45:19.439280,113.08156988120663,113.08337077694941,113.08520839254106,1.3523956723338484e-05,1.3523956723338486e-05,1.3523956723338484e-05,14667309.540765641,31855384.052164335,49182647.77142858,198.3600594771242,430.8108353267975,665.144,True,100
CA12X_C5,0.0153,0.025880000000000004,CA12X_C5_at_fixed_current_5e-7A-20220413144412,2022-04-13 14:43:28.697226,2022-04-13 14:43:59.902752,113.09487376870884,113.09780882763815,113.10047375042925,1.9319938176197834e-05,1.931993817619783e-05,1.9319938176197834e-05,14624970.580862746,14625953.834797388,14626699.398692813,282.55352745098037,282.57252385620916,282.5869281045752,False,0
CA12X_C5,0.015299999999999998,0.025880000000000004,CA12X_C5_at_fixed_current_30e-6A-20220412162935,2022-04-12 14:22:46.287836,2022-04-12 16:22:46.556233,131.25960085497903,202.10481353622293,277.33749833388356,0.00115919629057187,0.0011591962905718707,0.00115919629057187,906.7157167198261,639123.1022585204,5139458.063037038,1.051061495424837,740.8691293568628,5957.640722222222,False,0
CA12X_C5,0.015299999999999998,0.02588,CA12X_C5_at_fixed_current_4e-7A-20220413143802,2022-04-13 14:36:45.995574,2022-04-13 14:37:50.100202,113.16445780371859,113.1720285821939,113.17991974867147,1.545595054095827e-05,1.5455950540958272e-05,1.545595054095827e-05,14608618.45509804,29736270.400013074,44950939.01568627,225.7900843137255,459.6023245751635,694.7594901960784,True,100
CA12X_C5,0.0153,0.02588,CA12X_C5_current_from_1e-4_to_10e-4A-20220408130234,2022-04-08 11:38:54.472871,2022-04-08 13:01:32.501417,292.48841370473946,292.4931541758626,292.4979482427689,0.0038639876352395673,0.020527434312210203,0.03719088098918083,519.3421249857747,536.1912777380738,538.2873474886275,2.0792292418300655,11.005084462145971,19.88474660130719,False,0
CA12X_C5,0.0153,0.02588,CA12X_C5_current_from_1e-4_to_10e-4A-20220408145214,2022-04-08 13:05:32.399619,2022-04-08 14:51:56.287849,185.91885407289698,186.24903494742964,186.6010377434603,0.0038639876352395673,0.020897075986499702,0.037930164337759836,28795.694506107917,57821.30656001471,105646.68730849674,408.2174934640523,982.1010515006002,1110.9392549019608,False,0
CA12X_C5,0.0153,0.02588,CA12X_C5_at_fixed_current_2e-7A-20220413144122,2022-04-13 14:41:00.567845,2022-04-13 14:41:16.188112,113.12463569830466,113.12632132728622,113.12841650769833,7.727975270479134e-06,7.727975270479134e-06,7.727975270479134e-06,56686081.153333336,97250193.21341832,99430759.55686276,438.06863333333337,751.5470882026144,768.3984509803922,False,0
CA12X_C5,0.015300000000000001,0.02588,CA12X_C5_at_fixed_current_3e-7A-20220413144233,2022-04-13 14:41:57.043269,2022-04-13 14:42:21.846433,113.11209989241075,113.11417087519195,113.11656276068496,1.1591962905718701e-05,1.1591962905718703e-05,1.1591962905718701e-05,14674070.173246188,34043101.01967321,53603632.95590415,170.101277124183,394.6263642156863,621.3713248366014,True,100
CA12X_C5,0.0153,0.02588,CA12X_C5_current_from_1e-7_to_10e-7A-20220412165738,2022-04-12 16:47:45.556600,2022-04-12 16:57:16.551388,119.90711453356892,120.50625963702234,121.01765621026966,3.863987635239567e-06,2.08970759864997e-05,3.793016433775983e-05,12295683.678272478,27894630.89398155,42301424.06413658,160.24991457516342,464.1410991569961,763.3634261437908,False,0
CA12X_C5,0.0153,0.02588,CA12X_C5_current_from_1e-7_to_10e-7A-20220413133337,2022-04-13 13:32:21.738079,2022-04-13 13:33:23.081492,118.70829889326151,118.87948651534049,119.01964413892813,3.863987635239567e-06,2.08970759864997e-05,3.793016433775983e-05,12888461.620336175,28796389.391301185,52723581.02958931,153.75693333333334,455.48642283580097,767.4420588235294,True,100
CA12X_C5,0.015300000000000001,0.02588,CA12X_C5_current_from_1e-7_to_10e-7A-20220412170113,2022-04-12 16:58:35.491682,2022-04-12 17:00:36.108201,119.5904998737301,119.68251499203755,119.75380771100032,3.863987635239567e-06,2.107629619221582e-05,3.828860474919207e-05,12486424.315828988,28467723.480123352,48275356.50187364,142.9487359477124,463.0338300191456,774.654,True,100
CA12X_C5,0.0153,0.02588,CA12X_C5_at_fixed_current_4.5e-7A-20220413144649,2022-04-13 14:46:20.808403,2022-04-13 14:46:44.631057,113.06911844031474,113.07119943879586,113.07306990952242,1.7387944358578053e-05,1.7387944358578053e-05,1.7387944358578053e-05,14645506.358983299,27882127.35339434,41233794.33376907,254.65524967320263,484.81287901960775,716.9709215686275,True,100
CA12X_C5,0.0153,0.02588,CA12X_C5_at_fixed_current_1e-7A-20220413144028,2022-04-13 14:40:08.154995,2022-04-13 14:40:24.044508,113.13415825096028,113.13568592989354,113.13717121089145,3.863987635239567e-06,3.863987635239567e-06,3.863987635239567e-06,57080389.76366014,103159054.54938562,105629225.75111112,220.55792026143794,398.6053112418301,408.1500222222222,False,0
CA12X_C5,0.015299999999999998,0.02588,CA12X_C5_current_from_1e-3_to_15e-3A_flipped-20220408105259,2022-04-08 10:51:35.223699,2022-04-08 10:52:47.855178,292.70715804575315,292.7082865017395,292.7107583027659,0.03863987635239567,0.3035990284831088,0.568558180613822,216.80615162028047,342.7187058865137,490.60401380392165,18.95687843137255,90.27996692410296,123.26691111111111,False,0
CA12X2_C1,0.0583,0.05908,CA12X2_C1_current_from_-0.5e-7_to_-2.0e-7A-20220428164923,2022-04-28 16:47:44.094417,2022-04-28 16:49:16.547478,87.61812439385092,87.61996256036225,87.62319396036935,-3.3852403520649963e-06,-2.115775220040623e-06,-8.463100880162491e-07,9469385.325178519,60741377.41388128,127411892.70062894,-205.78710291595198,-98.09022768439108,-17.546352487135508,False,0
CA12X2_C1,0.05829999999999999,0.05908,CA12X2_C1_current_square_waveform_value_1.6e-07A-20220428171247,2022-04-28 17:03:58.805350,2022-04-28 17:05:43.110443,87.67149052365147,87.67652175267379,87.68108626652938,2.7081922816519973e-06,2.7081922816519973e-06,2.7081922816519973e-06,9464588.38542024,25950262.75128816,42777924.81076329,25.631925214408234,70.27830128987993,115.85084579759862,True,100
CA12X2_C1,0.0583,0.05908,CA12X2_C1_current_from_2.0e-7_to_0.5e-7A_flipped-20220428170007,2022-04-28 16:56:57.669872,2022-04-28 17:00:00.857549,87.64861161608938,87.65263874144864,87.65718504750957,8.463100880162491e-07,2.115775220040623e-06,3.3852403520649963e-06,9470322.280112913,63759281.65900367,130711569.10504289,18.01989399656947,105.29365474013723,204.48565180102915,False,0
CA12X2_C1,0.0583,0.05908,CA12X2_C1_at_fixed_current_1.6e-7A-20220428174333,2022-04-28 17:42:07.569967,2022-04-28 17:43:33.936532,87.74373837794545,88.62518722922776,90.8808639390825,2.7081922816519973e-06,2.7081922816519977e-06,2.7081922816519973e-06,9230316.234519726,34732793.27288932,75537176.71998285,24.99747118353345,94.06308266185331,204.5691989708405,True,100
CA12X2_C1,0.0583,0.05908,CA12X2_C1_current_from_0.3e-6_to_0.4e-6A-20220428162717,2022-04-28 16:26:09.941810,2022-04-28 16:27:05.542808,87.9104856380824,87.94616027105701,87.98069634474962,5.0778605280974944e-06,5.9068989816644336e-06,6.735937435231371e-06,9423034.907200774,19053822.378203064,33661289.195837624,48.25422229845626,111.22960390310502,184.48066209262436,True,100
CA12X2_C1,0.0583,0.05908,CA12X2_C1_current_from_1e-6_to_5e-6A-20220428152708,2022-04-28 15:10:14.137271,2022-04-28 15:22:00.403665,116.18705541496715,116.28006278837957,116.3734387904809,1.6926201760324983e-05,5.04366618110694e-05,8.394712186181381e-05,2536815.462546209,3190395.399426792,3677594.88980839,61.113682161235,152.8613852400506,212.9583567753002,False,0
CA12X2_C1,0.058300000000000005,0.05908,CA12X2_C1_current_from_-2.0e-7_to_-0.5e-7A_flipped-20220428165623,2022-04-28 16:53:01.854375,2022-04-28 16:56:09.197588,87.63647780943178,87.6391903068972,87.64045831044245,-3.3852403520649963e-06,-2.128598100162081e-06,-8.71955848259166e-07,9468715.105880989,62175750.708681345,132532818.53660373,-205.77694682675815,-100.63322370532079,-18.01283996569468,True,100
CA12X2_C1,0.0583,0.05908,CA12X2_C1_current_square_waveform_value_3e-07A-20220428163159,2022-04-28 16:29:15.200933,2022-04-28 16:31:51.992577,87.62699735436215,87.6843882690216,87.75659250273567,5.0778605280974944e-06,5.077860528097495e-06,5.0778605280974944e-06,9419897.67579188,16008984.383732421,33818687.09845626,47.83292658662092,81.29138989708403,171.72657632933104,True,100
CA12X2_C1,0.0583,0.05908,CA12X2_C1_at_fixed_current_6e-7A-20220428175416,2022-04-28 17:53:44.218322,2022-04-28 17:54:05.091856,99.44580276390128,99.4544055435769,99.46437713202997,1.0155721056194989e-05,1.0155721056194987e-05,1.0155721056194989e-05,7982004.244482563,13488877.605148086,19026548.14362493,81.06300857632934,136.98927831903944,193.2283156089194,True,100
CA12X2_C1,0.0583,0.05908,CA12X2_C1_voltage_from_5_to_15V-20220428173330,2022-04-28 17:32:26.459321,2022-04-28 17:32:59.673522,87.73390129400448,87.73507983408312,87.73613402693964,6.448928571428571e-07,0.00015483481780636426,0.0012541963439404197,205143.22272941648,89543210.74288914,132988437.32031721,85.76329331046313,171.52658662092625,257.28987993138935,False,0
CA12X2_C1,0.05829999999999999,0.05908,CA12X2_C1_current_from_0.5e-6_to_1e-6A-20220428153610,2022-04-28 15:34:12.757147,2022-04-28 15:35:57.070333,102.71711862443485,103.30865879781142,103.78278204751403,8.463100880162492e-06,1.2651908386505544e-05,1.6840715892848594e-05,7039265.623547171,12486996.254661487,19752819.99165328,75.82147375643225,147.8790071971863,205.8197461406518,True,100
CA12X2_C1,0.058300000000000005,0.05908,CA12X2_C1_current_from_0.5e-6_to_1e-6A-20220428154754,2022-04-28 15:36:28.805469,2022-04-28 15:47:28.898532,101.40862424067272,101.9431823160055,102.40441251135348,8.463100880162492e-06,1.2651908386505544e-05,1.6840715892848594e-05,7392214.912767297,11234005.001499856,22655601.404694337,68.24842967409948,133.62455150995373,205.03312349914236,True,100
CA12X2_C1,0.0583,0.05908,CA12X2_C1_voltage_from_5_to_15V_flipped-20220428173939,2022-04-28 17:38:21.833367,2022-04-28 17:39:28.758615,87.74428009319159,87.7456319490295,87.74699878255853,6.442378131347326e-07,7.610019071338759e-06,2.7584106296547054e-05,9200564.07189302,90742960.09170455,133123656.45406012,85.76329331046313,169.77631532887597,253.78933734728884,False,0
CA12X2_C1,0.05829999999999999,0.05908,CA12X2_C1_current_from_3e-6_to_4e-6A-20220428142939,2022-04-28 14:26:26.895581,2022-04-28 14:29:23.380394,116.55286777861775,116.64375255836022,116.75658061577222,5.077860528097495e-05,5.9156220293661054e-05,6.753383530634714e-05,2440685.3435217584,3134337.893388495,3299584.3763203747,160.81330068610634,184.59768674047507,205.71209948542025,False,0
CA12X2_C1,0.0583,0.05908,CA12X2_C1_current_from_3e-6_to_4e-6A-20220428142348,2022-04-28 14:21:48.446351,2022-04-28 14:23:28.182994,115.62158683731447,115.78288813813523,115.97145591699383,5.077860528097495e-05,5.9156220293661054e-05,6.753383530634714e-05,2622592.9680229286,3073120.354802339,3683316.3480410283,156.15806706689537,179.73232400679177,205.76149228130362,False,0
CA12X2_C1,0.05829999999999999,0.05908,CA12X2_C1_current_from_3e-6_to_4e-6A-20220428142124,2022-04-28 14:19:31.634376,2022-04-28 14:21:16.155592,115.0814830095713,115.31214538851609,115.4972727740219,5.077860528097495e-05,5.9156220293661054e-05,6.753383530634714e-05,2735918.53924815,2973554.9044265617,3923946.3788046096,152.93591989708406,174.5124111197741,205.44402058319042,False,0
CA12X2_C1,0.0583,0.05908,CA12X2_C1_current_from_3e-6_to_4e-6A-20220428142604,2022-04-28 14:24:08.010009,2022-04-28 14:25:41.593577,116.10985501926585,116.2281246816409,116.40836273539739,5.077860528097495e-05,5.9156220293661054e-05,6.753383530634714e-05,2519888.005349893,3120473.2873346214,3477652.1759984805,158.59070445969124,182.88697766862452,205.7549794168096,False,0
CA12X2_C1,0.058300000000000005,0.05908,CA12X2_C1_current_from_1e-7_to_1e-6A-20220428162518,2022-04-28 15:48:31.675073,2022-04-28 16:25:12.922245,97.69363459077272,97.90524587310806,98.06794731232411,1.6926201760324981e-06,9.23247368744999e-06,1.6772327198867482e-05,8183606.327083261,18800927.08320565,44060990.61924529,47.63875523156089,123.23802228286294,205.21844768439107,True,100
CA12X2_C1,0.0583,0.05908,CA12X2_C1_current_from_-2.0e-7_to_-0.5e-7A-20220428165205,2022-04-28 16:50:25.929006,2022-04-28 16:51:57.955098,87.62675426247672,87.630540886091,87.63327717098734,-3.3852403520649963e-06,-2.128598100162081e-06,-8.71955848259166e-07,9451405.54772592,62152127.92736095,132069657.36852382,-205.29738250428818,-100.58553372143389,-17.949061406518013,True,100
